"gb","Midland","Worcestershire","Bewdley"
"gb","Midland","Worcestershire","Worcester"
"gb","Midland","Worcestershire","Kidderminster"
"gb","Midland","Worcestershire","Evesham"
"gb","Midland","Worcestershire","Droitwich"
"gb","Midland","Worcestershire","Redditch"
"gb","Midland","Worcestershire","Pershore"
"gb","Midland","Worcestershire","Upton-upon-Severn"
"gb","Midland","Worcestershire","Malvern"
"gb","Midland","Worcestershire","Stourport-on-Severn"
"gb","Midland","Worcestershire","Bromsgrove"
"gb","Midland","Worcestershire","Tenbury Wells"
"gb","Midland","Worcestershire","West Hagley"
"gb","Midland","Worcestershire","Broadway"
"gb","South West","Wiltshire","Corsham"
"gb","South West","Wiltshire","Salisbury"
"gb","South West","Wiltshire","Melksham"
"gb","South West","Wiltshire","Devizes"
"gb","South West","Wiltshire","Marlborough"
"gb","South West","Wiltshire","Wootton Bassett"
"gb","South West","Wiltshire","Warminster"
"gb","South West","Wiltshire","Chippenham"
"gb","South West","Wiltshire","Calne"
"gb","South West","Wiltshire","Bradford-on-Avon"
"gb","South West","Wiltshire","Malmesbury"
"gb","South West","Wiltshire","Trowbridge"
"gb","South West","Wiltshire","Swindon"
"gb","South West","Wiltshire","Amesbury"
"ie","","Wicklow","WICKLOW"
"ie","","Wexford","Wexford"
"gb","Scotland","Western Isles","Barra"
"gb","Scotland","Western Isles","Stornoway"
"gb","Yorkshire & Humberside","West Yorkshire","Cleckheaton"
"gb","Yorkshire & Humberside","West Yorkshire","Brighouse"
"gb","Yorkshire & Humberside","West Yorkshire","Pontefract"
"gb","Yorkshire & Humberside","West Yorkshire","Bradford"
"gb","Yorkshire & Humberside","West Yorkshire","Castleford"
"gb","Yorkshire & Humberside","West Yorkshire","Hebden Bridge"
"gb","Yorkshire & Humberside","West Yorkshire","Horsforth"
"gb","Yorkshire & Humberside","West Yorkshire","Mirfield"
"gb","Yorkshire & Humberside","West Yorkshire","Garforth"
"gb","Yorkshire & Humberside","West Yorkshire","Ossett"
"gb","Yorkshire & Humberside","West Yorkshire","Dewsbury"
"gb","Yorkshire & Humberside","West Yorkshire","Pudsey"
"gb","Yorkshire & Humberside","West Yorkshire","Ilkley"
"gb","Yorkshire & Humberside","West Yorkshire","Batley"
"gb","Yorkshire & Humberside","West Yorkshire","Leeds"
"gb","Yorkshire & Humberside","West Yorkshire","Bingley"
"gb","Yorkshire & Humberside","West Yorkshire","Sowerby Bridge"
"gb","Yorkshire & Humberside","West Yorkshire","Halifax"
"gb","Yorkshire & Humberside","West Yorkshire","Shipley"
"gb","Yorkshire & Humberside","West Yorkshire","Silsden"
"gb","Yorkshire & Humberside","West Yorkshire","Wetherby"
"gb","Yorkshire & Humberside","West Yorkshire","Knottingley"
"gb","Yorkshire & Humberside","West Yorkshire","Normanton"
"gb","Yorkshire & Humberside","West Yorkshire","Otley"
"gb","Yorkshire & Humberside","West Yorkshire","Todmorden"
"gb","Yorkshire & Humberside","West Yorkshire","Hemsworth"
"gb","Yorkshire & Humberside","West Yorkshire","Thornton"
"gb","Yorkshire & Humberside","West Yorkshire","Wakefield"
"gb","Yorkshire & Humberside","West Yorkshire","Yeadon"
"gb","Yorkshire & Humberside","West Yorkshire","Huddersfield"
"gb","Yorkshire & Humberside","West Yorkshire","Holmfirth"
"gb","Yorkshire & Humberside","West Yorkshire","Heckmondwike"
"gb","Yorkshire & Humberside","West Yorkshire","Keighley"
"gb","Yorkshire & Humberside","West Yorkshire","Elland"
"gb","South East","West Sussex","Storrington"
"gb","South East","West Sussex","Henfield"
"gb","South East","West Sussex","Southwick"
"gb","South East","West Sussex","East Grinstead"
"gb","South East","West Sussex","Rustington"
"gb","South East","West Sussex","Littlehampton"
"gb","South East","West Sussex","Hassocks"
"gb","South East","West Sussex","Worthing"
"gb","South East","West Sussex","Lancing"
"gb","South East","West Sussex","Billingshurst"
"gb","South East","West Sussex","Arundel"
"gb","South East","West Sussex","Steyning"
"gb","South East","West Sussex","Horsham"
"gb","South East","West Sussex","Burgess Hill"
"gb","South East","West Sussex","Petworth"
"gb","South East","West Sussex","Midhurst"
"gb","South East","West Sussex","Compton"
"gb","South East","West Sussex","Bognor Regis"
"gb","South East","West Sussex","Gatwick"
"gb","South East","West Sussex","Chichester"
"gb","South East","West Sussex","Crawley"
"gb","South East","West Sussex","Shoreham-by-Sea"
"gb","South East","West Sussex","Haywards Heath"
"gb","South East","West Sussex","Bolney"
"gb","South East","West Sussex","Danehill"
"gb","South East","West Sussex","Pulborough"
"gb","Midland","West Midlands","Dudley"
"gb","Midland","West Midlands","Bloxwich"
"gb","Midland","West Midlands","Oldbury"
"gb","Midland","West Midlands","Wednesbury"
"gb","Midland","West Midlands","Sheldon"
"gb","Midland","West Midlands","Walsall"
"gb","Midland","West Midlands","Wednesfield"
"gb","Midland","West Midlands","Dorridge"
"gb","Midland","West Midlands","Cradley Heath"
"gb","Midland","West Midlands","Sedgley"
"gb","Midland","West Midlands","Halesowen"
"gb","Midland","West Midlands","Birmingham"
"gb","Midland","West Midlands","Coventry"
"gb","Midland","West Midlands","Brownhills"
"gb","Midland","West Midlands","Brierley Hill"
"gb","Midland","West Midlands","Aldridge"
"gb","Midland","West Midlands","Smethwick"
"gb","Midland","West Midlands","Sutton Coldfield"
"gb","Midland","West Midlands","Bilston"
"gb","Midland","West Midlands","Warley"
"gb","Midland","West Midlands","Stourbridge"
"gb","Midland","West Midlands","Darlaston"
"gb","Midland","West Midlands","Knowle"
"gb","Midland","West Midlands","Solihull"
"gb","Midland","West Midlands","Wombourne"
"gb","Midland","West Midlands","Kingswinford"
"gb","Midland","West Midlands","Willenhall"
"gb","Midland","West Midlands","Wolverhampton"
"gb","Midland","West Midlands","West Bromwich"
"gb","Midland","West Midlands","Henley-in-Arden"
"gb","Wales","West Glamorgan","Port Talbot"
"gb","Wales","West Glamorgan","Neath"
"gb","Wales","West Glamorgan","Swansea"
"gb","Midland","Warwickshire","Stratford-upon-Avon"
"gb","Midland","Warwickshire","Studley"
"gb","Midland","Warwickshire","Kenilworth"
"gb","Midland","Warwickshire","Warwick"
"gb","Midland","Warwickshire","Shipston-on-Stour"
"gb","Midland","Warwickshire","Atherstone"
"gb","Midland","Warwickshire","Alcester"
"gb","Midland","Warwickshire","Leamington Spa"
"gb","Midland","Warwickshire","Rugby"
"gb","Midland","Warwickshire","Nuneaton"
"gb","Midland","Warwickshire","Bedworth"
"gb","Northern","Tyne & Wear","Newcastle-upon-Tyne"
"gb","Northern","Tyne & Wear","Jarrow"
"gb","Northern","Tyne & Wear","North Shields"
"gb","Northern","Tyne & Wear","Hebburn"
"gb","Northern","Tyne & Wear","Hetton-le-Hole"
"gb","Northern","Tyne & Wear","Boldon"
"gb","Northern","Tyne & Wear","Houghton-le-Spring"
"gb","Northern","Tyne & Wear","South Shields"
"gb","Northern","Tyne & Wear","Gateshead"
"gb","Northern","Tyne & Wear","Wallsend"
"gb","Northern","Tyne & Wear","Sunderland"
"gb","Northern","Tyne & Wear","Whitley Bay"
"gb","Northern","Tyne & Wear","Washington"
"gb","Northern","Tyne & Wear","Blaydon"
"gb","Scotland","Tayside","Forfar"
"gb","Scotland","Tayside","Bankfoot"
"gb","Scotland","Tayside","Brechin"
"gb","Scotland","Tayside","Aberfeldy"
"gb","Scotland","Tayside","Perth"
"gb","Scotland","Tayside","Dundee"
"gb","Scotland","Tayside","Auchterarder"
"gb","Scotland","Tayside","Arbroath"
"gb","Scotland","Tayside","Kinross"
"gb","Scotland","Tayside","Montrose"
"gb","Scotland","Tayside","Broughty Ferry"
"gb","Scotland","Tayside","Newport-on-Tay"
"gb","Scotland","Tayside","Crieff"
"gb","South East","Surrey","Walton-on-Thames"
"gb","South East","Surrey","Lingfield"
"gb","South East","Surrey","Carshalton"
"gb","South East","Surrey","Leatherhead"
"gb","South East","Surrey","Chobham"
"gb","South East","Surrey","East Molesey"
"gb","South East","Surrey","Egham"
"gb","South East","Surrey","Epsom"
"gb","South East","Surrey","Cobham"
"gb","South East","Surrey","Cranleigh"
"gb","South East","Surrey","Croydon"
"gb","South East","Surrey","Farnham"
"gb","South East","Surrey","Cheam"
"gb","South East","Surrey","Caterham"
"gb","South East","Surrey","Kingston-upon-Thames"
"gb","South East","Surrey","Chertsey"
"gb","South East","Surrey","Frimley"
"gb","South East","Surrey","Haslemere"
"gb","South East","Surrey","Thames Ditton"
"gb","South East","Surrey","Godalming"
"gb","South East","Surrey","Reigate"
"gb","South East","Surrey","West Molesey"
"gb","South East","Surrey","Bagshot"
"gb","South East","Surrey","Dorking"
"gb","South East","Surrey","Shepperton"
"gb","South East","Surrey","Tadworth"
"gb","South East","Surrey","Surbiton"
"gb","South East","Surrey","Sunbury"
"gb","South East","Surrey","Ashford"
"gb","South East","Surrey","Worcester Park"
"gb","South East","Surrey","Banstead"
"gb","South East","Surrey","Horley"
"gb","South East","Surrey","Addlestone"
"gb","South East","Surrey","Woking"
"gb","South East","Surrey","Weybridge"
"gb","South East","Surrey","Camberley"
"gb","South East","Surrey","Ashtead"
"gb","South East","Surrey","Old Woking"
"gb","South East","Surrey","Purley"
"gb","South East","Surrey","Morden"
"gb","South East","Surrey","New Malden"
"gb","South East","Surrey","Esher"
"gb","South East","Surrey","Staines"
"gb","South East","Surrey","Guildford"
"gb","South East","Surrey","East Horsley"
"gb","South East","Surrey","Mitcham"
"gb","South East","Surrey","Oxted"
"gb","South East","Surrey","Redhill"
"gb","South East","Surrey","Richmond"
"gb","South East","Surrey","West Byfleet"
"gb","South East","Surrey","Thornton Heath"
"gb","South East","Surrey","Sutton"
"gb","South East","Surrey","Chessington"
"gb","South East","Surrey","Godstone"
"gb","South East","Surrey","Hindhead"
"gb","East Anglia","Suffolk","Ipswich"
"gb","East Anglia","Suffolk","Felixstowe"
"gb","East Anglia","Suffolk","Sudbury"
"gb","East Anglia","Suffolk","Stowmarket"
"gb","East Anglia","Suffolk","Brandon"
"gb","East Anglia","Suffolk","Mildenhall"
"gb","East Anglia","Suffolk","Woodbridge"
"gb","East Anglia","Suffolk","Halesworth"
"gb","East Anglia","Suffolk","Bury St. Edmunds"
"gb","East Anglia","Suffolk","Saxmundham"
"gb","East Anglia","Suffolk","Lowestoft"
"gb","East Anglia","Suffolk","Beccles"
"gb","East Anglia","Suffolk","Haverhill"
"gb","East Anglia","Suffolk","Newmarket"
"gb","East Anglia","Suffolk","Framlingham"
"gb","East Anglia","Suffolk","Bungay"
"gb","Scotland","Strathclyde","Biggar"
"gb","Scotland","Strathclyde","East Kilbride"
"gb","Scotland","Strathclyde","Strathaven"
"gb","Scotland","Strathclyde","Saltcoats"
"gb","Scotland","Strathclyde","Kirkintilloch"
"gb","Scotland","Strathclyde","Johnstone"
"gb","Scotland","Strathclyde","Isle of"
"gb","Scotland","Strathclyde","Ayr"
"gb","Scotland","Strathclyde","Lanark"
"gb","Scotland","Strathclyde","Greenock"
"gb","Scotland","Strathclyde","Glasgow"
"gb","Scotland","Strathclyde","Giffnock"
"gb","Scotland","Strathclyde","Hamilton"
"gb","Scotland","Strathclyde","Prestwick"
"gb","Scotland","Strathclyde","Oban"
"gb","Scotland","Strathclyde","Motherwell"
"gb","Scotland","Strathclyde","Port Glasgow"
"gb","Scotland","Strathclyde","Paisley"
"gb","Scotland","Strathclyde","Larkhall"
"gb","Scotland","Strathclyde","Largs"
"gb","Scotland","Strathclyde","Lochgilphead"
"gb","Scotland","Strathclyde","Cumbernauld"
"gb","Scotland","Strathclyde","Bridge of Weir"
"gb","Scotland","Strathclyde","Dumbarton"
"gb","Scotland","Strathclyde","Kilmarnock"
"gb","Scotland","Strathclyde","Bellshill"
"gb","Scotland","Strathclyde","Beith"
"gb","Scotland","Strathclyde","Irvine"
"gb","Scotland","Strathclyde","Airdrie"
"gb","Scotland","Strathclyde","Girvan"
"gb","Scotland","Strathclyde","Brodick"
"gb","Scotland","Strathclyde","Alexandria"
"gb","Scotland","Strathclyde","Renfrew"
"gb","Scotland","Strathclyde","Helensburgh"
"gb","Scotland","Strathclyde","Coatbridge"
"gb","Scotland","Strathclyde","Gourock"
"gb","Scotland","Strathclyde","Cumnock"
"gb","Scotland","Strathclyde","Clydebank"
"gb","Scotland","Strathclyde","Troon"
"gb","Scotland","Strathclyde","Wemyss Bay"
"gb","Scotland","Strathclyde","West Kilbride"
"gb","Scotland","Strathclyde","Campbeltown"
"gb","Scotland","Strathclyde","Bothwell"
"gb","Scotland","Strathclyde","Uddingston"
"gb","Scotland","Strathclyde","Carluke"
"gb","Scotland","Strathclyde","Wishaw"
"gb","Scotland","Strathclyde","Clynder"
"gb","Scotland","Strathclyde","Dunoon"
"gb","Scotland","Strathclyde","Rothesay"
"gb","Midland","Staffordshire","Tamworth"
"gb","Midland","Staffordshire","Newcastle-under-Lyme"
"gb","Midland","Staffordshire","Stafford"
"gb","Midland","Staffordshire","Penkridge"
"gb","Midland","Staffordshire","Leek"
"gb","Midland","Staffordshire","Brewood"
"gb","Midland","Staffordshire","Rugeley"
"gb","Midland","Staffordshire","Burton-on-Trent"
"gb","Midland","Staffordshire","Burntwood"
"gb","Midland","Staffordshire","Lichfield"
"gb","Midland","Staffordshire","Hanley"
"gb","Midland","Staffordshire","Cannock"
"gb","Midland","Staffordshire","Stone"
"gb","Midland","Staffordshire","Uttoxeter"
"gb","Midland","Staffordshire","Stoke-on-Trent"
"gb","Yorkshire & Humberside","South Yorkshire","Barnsley"
"gb","Yorkshire & Humberside","South Yorkshire","Wombwell"
"gb","Yorkshire & Humberside","South Yorkshire","Rotherham"
"gb","Yorkshire & Humberside","South Yorkshire","Doncaster"
"gb","Yorkshire & Humberside","South Yorkshire","Sheffield"
"gb","Yorkshire & Humberside","South Yorkshire","Mexborough"
"gb","Wales","South Glamorgan","Penarth"
"gb","Wales","South Glamorgan","Llantwit Major"
"gb","Wales","South Glamorgan","Barry"
"gb","Wales","South Glamorgan","Cowbridge"
"gb","Wales","South Glamorgan","Cardiff"
"gb","South West","Somerset","Shepton Mallet"
"gb","South West","Somerset","Wells"
"gb","South West","Somerset","Weston-super-Mare"
"gb","South West","Somerset","Street"
"gb","South West","Somerset","Bath"
"gb","South West","Somerset","Wellington"
"gb","South West","Somerset","Clevedon"
"gb","South West","Somerset","Glastonbury"
"gb","South West","Somerset","Burnham-on-Sea"
"gb","South West","Somerset","Winscombe"
"gb","South West","Somerset","Yeovil"
"gb","South West","Somerset","Taunton"
"gb","South West","Somerset","Chard"
"gb","South West","Somerset","Crewkerne"
"gb","South West","Somerset","Langport"
"gb","South West","Somerset","Keynsham"
"gb","South West","Somerset","Bridgwater"
"gb","South West","Somerset","Nailsea"
"gb","South West","Somerset","Minehead"
"gb","South West","Somerset","Frome"
"gb","South West","Somerset","Bristol"
"gb","South West","Somerset","Midsomer Norton"
"gb","South West","Somerset","Ilminster"
"gb","South West","Somerset","Wincanton"
"gb","South West","Somerset","Henstridge"
"gb","South West","Somerset","Brean"
"gb","Midland","Shropshire","Oswestry"
"gb","Midland","Shropshire","Ludlow"
"gb","Midland","Shropshire","Newport"
"gb","Midland","Shropshire","Shrewsbury"
"gb","Midland","Shropshire","Shifnal"
"gb","Midland","Shropshire","Bridgnorth"
"gb","Midland","Shropshire","Church Stretton"
"gb","Midland","Shropshire","Market Drayton"
"gb","Midland","Shropshire","Whitchurch"
"gb","Midland","Shropshire","Telford"
"gb","Scotland","Shetland","Shetland"
"au","","Queensland","Oxenford"
"gb","Wales","Powys","Llandrindod Wells"
"gb","Wales","Powys","Llandridnod Wells"
"gb","Wales","Powys","Montgomery"
"gb","Wales","Powys","Newtown"
"gb","Wales","Powys","Machynlleth"
"gb","Wales","Powys","Welshpool"
"gb","Wales","Powys","Crickhowell"
"gb","Wales","Powys","Brecon"
"gb","South East","Oxfordshire","Thame"
"gb","South East","Oxfordshire","Bicester"
"gb","South East","Oxfordshire","Chipping Norton"
"gb","South East","Oxfordshire","Carterton"
"gb","South East","Oxfordshire","Botley"
"gb","South East","Oxfordshire","Wantage"
"gb","South East","Oxfordshire","Witney"
"gb","South East","Oxfordshire","Wallingford"
"gb","South East","Oxfordshire","Banbury"
"gb","South East","Oxfordshire","Abingdon"
"gb","South East","Oxfordshire","Watlington"
"gb","South East","Oxfordshire","Oxford"
"gb","South East","Oxfordshire","Henley-on-Thames"
"gb","South East","Oxfordshire","Didcot"
"gb","South East","Oxfordshire","Woodstock"
"gb","South East","Oxfordshire","Burford"
"gb","South East","Oxfordshire","Chinnor"
"gb","Scotland","Orkney","Orkney"
"gb","East Midlands","Nottinghamshire","Worksop"
"gb","East Midlands","Nottinghamshire","Kirkby-in-Ashfield"
"gb","East Midlands","Nottinghamshire","New Ollerton"
"gb","East Midlands","Nottinghamshire","Long Eaton"
"gb","East Midlands","Nottinghamshire","Chilwell"
"gb","East Midlands","Nottinghamshire","Sutton-in-Ashfield"
"gb","East Midlands","Nottinghamshire","Eastwood"
"gb","East Midlands","Nottinghamshire","Hucknall"
"gb","East Midlands","Nottinghamshire","Newark-on-Trent"
"gb","East Midlands","Nottinghamshire","Mansfield"
"gb","East Midlands","Nottinghamshire","Retford"
"gb","East Midlands","Nottinghamshire","Arnold"
"gb","East Midlands","Nottinghamshire","West Bridgford"
"gb","East Midlands","Nottinghamshire","Nottingham"
"gb","East Midlands","Nottinghamshire","Beeston"
"gb","East Midlands","Nottinghamshire","Bulwell"
"gb","East Midlands","Nottinghamshire","Southwell"
"gb","East Midlands","Nottinghamshire","Bingham"
"gb","Northern","Northumberland","Bedlington"
"gb","Northern","Northumberland","Hexham"
"gb","Northern","Northumberland","Prudhoe"
"gb","Northern","Northumberland","Ashington"
"gb","Northern","Northumberland","Morpeth"
"gb","Northern","Northumberland","Ponteland"
"gb","Northern","Northumberland","Cramlington"
"gb","Northern","Northumberland","Berwick-upon-Tweed"
"gb","Northern","Northumberland","Amble"
"gb","Northern","Northumberland","Alnwick"
"gb","Northern","Northumberland","Blyth"
"gb","East Midlands","Northamptonshire","Rushden"
"gb","East Midlands","Northamptonshire","Weston Favell"
"gb","East Midlands","Northamptonshire","Wellingborough"
"gb","East Midlands","Northamptonshire","Corby"
"gb","East Midlands","Northamptonshire","Towcester"
"gb","East Midlands","Northamptonshire","Kettering"
"gb","East Midlands","Northamptonshire","Daventry"
"gb","East Midlands","Northamptonshire","Brackley"
"gb","East Midlands","Northamptonshire","Oundle"
"gb","East Midlands","Northamptonshire","Northampton"
"gb","Yorkshire & Humberside","North Yorkshire","Helmsley"
"gb","Yorkshire & Humberside","North Yorkshire","Malton"
"gb","Yorkshire & Humberside","North Yorkshire","Scarborough"
"gb","Yorkshire & Humberside","North Yorkshire","Thirsk"
"gb","Yorkshire & Humberside","North Yorkshire","Whitby"
"gb","Yorkshire & Humberside","North Yorkshire","Stokesley"
"gb","Yorkshire & Humberside","North Yorkshire","Richmond"
"gb","Yorkshire & Humberside","North Yorkshire","Filey"
"gb","Yorkshire & Humberside","North Yorkshire","Catterick"
"gb","Yorkshire & Humberside","North Yorkshire","Selby"
"gb","Yorkshire & Humberside","North Yorkshire","Knaresborough"
"gb","Yorkshire & Humberside","North Yorkshire","York"
"gb","Yorkshire & Humberside","North Yorkshire","Settle"
"gb","Yorkshire & Humberside","North Yorkshire","Tadcaster"
"gb","Yorkshire & Humberside","North Yorkshire","Northallerton"
"gb","Yorkshire & Humberside","North Yorkshire","Skipton"
"gb","Yorkshire & Humberside","North Yorkshire","Harrogate"
"gb","Yorkshire & Humberside","North Yorkshire","Ripon"
"gb","Yorkshire & Humberside","North Yorkshire","Pickering"
"gb","Yorkshire & Humberside","North Yorkshire","Boroughbridge"
"gb","East Anglia","Norfolk","Fakenham"
"gb","East Anglia","Norfolk","Downham Market"
"gb","East Anglia","Norfolk","Norwich"
"gb","East Anglia","Norfolk","Holt"
"gb","East Anglia","Norfolk","Swaffham"
"gb","East Anglia","Norfolk","Hunstanton"
"gb","East Anglia","Norfolk","Great Yarmouth"
"gb","East Anglia","Norfolk","Wymondham"
"gb","East Anglia","Norfolk","Cromer"
"gb","East Anglia","Norfolk","Harleston"
"gb","East Anglia","Norfolk","Attleborough"
"gb","East Anglia","Norfolk","Diss"
"gb","East Anglia","Norfolk","North Walsham"
"gb","East Anglia","Norfolk","Sheringham"
"gb","East Anglia","Norfolk","King's Lynn"
"gb","East Anglia","Norfolk","Thetford"
"gb","East Anglia","Norfolk","East Dereham"
"gb","East Anglia","Norfolk","Wells-next-the-Sea"
"gb","East Anglia","Norfolk","Aylsham"
"gb","East Anglia","Norfolk","Gorleston-on-Sea"
"gb","South East","Middlesex","Brentford"
"gb","South East","Middlesex","Twickenham"
"gb","South East","Middlesex","Pinner"
"gb","South East","Middlesex","Northwood"
"gb","South East","Middlesex","Stanmore"
"gb","South East","Middlesex","Hampton Hill"
"gb","South East","Middlesex","Southall"
"gb","South East","Middlesex","Enfield"
"gb","South East","Middlesex","Longford"
"gb","South East","Middlesex","Hounslow"
"gb","South East","Middlesex","Yiewsley"
"gb","South East","Middlesex","Perivale"
"gb","South East","Middlesex","Wembley"
"gb","South East","Middlesex","Northolt"
"gb","South East","Middlesex","Whitton"
"gb","South East","Middlesex","Uxbridge"
"gb","South East","Middlesex","West Drayton"
"gb","South East","Middlesex","Feltham"
"gb","South East","Middlesex","Edgware"
"gb","South East","Middlesex","Heathrow"
"gb","South East","Middlesex","Hayes"
"gb","South East","Middlesex","Harrow"
"gb","South East","Middlesex","Greenford"
"gb","South East","Middlesex","Isleworth"
"gb","South East","Middlesex","Ruislip"
"gb","South East","Middlesex","Harlington"
"gb","South East","Middlesex","Bedfont"
"gb","South East","Middlesex","Hampton"
"gb","South East","Middlesex","Eastcote"
"gb","Wales","Mid Glamorgan","Porthcawl"
"gb","Wales","Mid Glamorgan","Maesteg"
"gb","Wales","Mid Glamorgan","Treorchy"
"gb","Wales","Mid Glamorgan","Pontypridd"
"gb","Wales","Mid Glamorgan","Pontyclun"
"gb","Wales","Mid Glamorgan","Porth"
"gb","Wales","Mid Glamorgan","Merthyr Tydfil"
"gb","Wales","Mid Glamorgan","Tonypandy"
"gb","Wales","Mid Glamorgan","Bridgend"
"gb","Wales","Mid Glamorgan","Aberdare"
"gb","Wales","Mid Glamorgan","Rhondda"
"gb","Wales","Mid Glamorgan","Church Village"
"gb","Wales","Mid Glamorgan","Bargoed"
"gb","Wales","Mid Glamorgan","Caerphilly"
"gb","North West","Merseyside","Upton"
"gb","North West","Merseyside","Hoylake"
"gb","North West","Merseyside","Kirkby"
"gb","North West","Merseyside","Heswall"
"gb","North West","Merseyside","Haydock"
"gb","North West","Merseyside","Formby"
"gb","North West","Merseyside","West Kirby"
"gb","North West","Merseyside","Bebington"
"gb","North West","Merseyside","Newton-le-Willows"
"gb","North West","Merseyside","Birkenhead"
"gb","North West","Merseyside","Crosby"
"gb","North West","Merseyside","St. Helens"
"gb","North West","Merseyside","Bootle"
"gb","North West","Merseyside","Wallasey"
"gb","North West","Merseyside","Prescot"
"gb","North West","Merseyside","Bromborough"
"gb","North West","Merseyside","Moreton"
"gb","North West","Merseyside","Liverpool"
"gb","North West","Merseyside","Maghull"
"gb","North West","Merseyside","Southport"
"gb","Scotland","Lothian","Gullane"
"gb","Scotland","Lothian","Bonnyrigg"
"gb","Scotland","Lothian","Bathgate"
"gb","Scotland","Lothian","Linlithgow"
"gb","Scotland","Lothian","Livingston"
"gb","Scotland","Lothian","Edinburgh"
"gb","Scotland","Lothian","Musselburgh"
"gb","Scotland","Lothian","Broxburn"
"gb","Scotland","Lothian","North Berwick"
"gb","Scotland","Lothian","Dalkeith"
"gb","Scotland","Lothian","Penicuik"
"gb","Scotland","Lothian","Gorebridge"
"gb","Scotland","Lothian","Haddington"
"gb","London","London","London PADDINGTON"
"gb","London","London","London ECDO"
"gb","London","London","London SEDO"
"gb","London","London","London EDO"
"gb","London","London","London NWDO"
"gb","London","London","London SW1"
"gb","London","London","London NDO"
"gb","London","London","London WCDO"
"gb","London","London","London"
"gb","East Midlands","Lincolnshire","Gainsborough"
"gb","East Midlands","Lincolnshire","Skegness"
"gb","East Midlands","Lincolnshire","Louth"
"gb","East Midlands","Lincolnshire","Grantham"
"gb","East Midlands","Lincolnshire","Sleaford"
"gb","East Midlands","Lincolnshire","Bourne"
"gb","East Midlands","Lincolnshire","Woodhall Spa"
"gb","East Midlands","Lincolnshire","Spilsby"
"gb","East Midlands","Lincolnshire","Boston"
"gb","East Midlands","Lincolnshire","Market Rasen"
"gb","East Midlands","Lincolnshire","Mablethorpe"
"gb","East Midlands","Lincolnshire","Spalding"
"gb","East Midlands","Lincolnshire","Billingborough"
"gb","East Midlands","Lincolnshire","Stamford"
"gb","East Midlands","Lincolnshire","Horncastle"
"gb","East Midlands","Lincolnshire","Lincoln"
"gb","East Midlands","Lincolnshire","Market Deeping"
"gb","East Midlands","Lincolnshire","Holbeach"
"gb","East Midlands","Leicestershire","Coalville"
"gb","East Midlands","Leicestershire","Market Harborough"
"gb","East Midlands","Leicestershire","Ashby de la Zouch"
"gb","East Midlands","Leicestershire","Lutterworth"
"gb","East Midlands","Leicestershire","Castle Donington"
"gb","East Midlands","Leicestershire","Loughborough"
"gb","East Midlands","Leicestershire","Wigston"
"gb","East Midlands","Leicestershire","Hinckley"
"gb","East Midlands","Leicestershire","Blaby"
"gb","East Midlands","Leicestershire","Oadby"
"gb","East Midlands","Leicestershire","Uppingham"
"gb","East Midlands","Leicestershire","Melton Mowbray"
"gb","East Midlands","Leicestershire","Cossington"
"gb","East Midlands","Leicestershire","Leicester"
"gb","East Midlands","Leicestershire","Oakham"
"gb","East Midlands","Leicestershire","Shepshed"
"gb","North West","Lancashire","Ramsbottom"
"gb","North West","Lancashire","Littleborough"
"gb","North West","Lancashire","Preston"
"gb","North West","Lancashire","Manchester"
"gb","North West","Lancashire","Parbold"
"gb","North West","Lancashire","Salford"
"gb","North West","Lancashire","Nelson"
"gb","North West","Lancashire","Whitefield"
"gb","North West","Lancashire","Stretford"
"gb","North West","Lancashire","Leyland"
"gb","North West","Lancashire","Carnforth"
"gb","North West","Lancashire","Barnoldswick"
"gb","North West","Lancashire","Saddleworth"
"gb","North West","Lancashire","Morecambe"
"gb","North West","Lancashire","Chorley"
"gb","North West","Lancashire","Bolton"
"gb","North West","Lancashire","Worsley"
"gb","North West","Lancashire","Rossendale"
"gb","North West","Lancashire","Ashton-in-Makerfield"
"gb","North West","Lancashire","Lytham St. Annes"
"gb","North West","Lancashire","Prestwich"
"gb","North West","Lancashire","Bury"
"gb","North West","Lancashire","Burnley"
"gb","North West","Lancashire","Astley"
"gb","North West","Lancashire","Atherton"
"gb","North West","Lancashire","Ashton-under-Lyne"
"gb","North West","Lancashire","Oldham"
"gb","North West","Lancashire","Blackburn"
"gb","North West","Lancashire","Eccles"
"gb","North West","Lancashire","Darwen"
"gb","North West","Lancashire","Clitheroe"
"gb","North West","Lancashire","Accrington"
"gb","North West","Lancashire","Fleetwood"
"gb","North West","Lancashire","Failsworth"
"gb","North West","Lancashire","Blackpool"
"gb","North West","Lancashire","Cleveleys"
"gb","North West","Lancashire","Ormskirk"
"gb","North West","Lancashire","Barrowford"
"gb","North West","Lancashire","Colne"
"gb","North West","Lancashire","Kirkham"
"gb","North West","Lancashire","Whalley"
"gb","North West","Lancashire","Skelmersdale"
"gb","North West","Lancashire","Leigh"
"gb","North West","Lancashire","Lancaster"
"gb","North West","Lancashire","Garstang"
"gb","North West","Lancashire","Urmston"
"gb","North West","Lancashire","Heywood"
"gb","North West","Lancashire","Denton"
"gb","North West","Lancashire","Bacup"
"gb","North West","Lancashire","Wigan"
"gb","North West","Lancashire","Rochdale"
"gb","North West","Lancashire","Droylsden"
"gb","North West","Lancashire","Middleton"
"gb","North West","Lancashire","Poulton-le-Fylde"
"gb","North West","Lancashire","Didsbury"
"gb","South East","Kent","Deal"
"gb","South East","Kent","New Ash Green"
"gb","South East","Kent","Tonbridge"
"gb","South East","Kent","Dartford"
"gb","South East","Kent","West Malling"
"gb","South East","Kent","Birchington"
"gb","South East","Kent","Dover"
"gb","South East","Kent","Sheerness"
"gb","South East","Kent","Cranbrook"
"gb","South East","Kent","Petts Wood"
"gb","South East","Kent","Faversham"
"gb","South East","Kent","Sidcup"
"gb","South East","Kent","Tenterden"
"gb","South East","Kent","Welling"
"gb","South East","Kent","Crayford"
"gb","South East","Kent","Belvedere"
"gb","South East","Kent","Herne Bay"
"gb","South East","Kent","Broadstairs"
"gb","South East","Kent","Sevenoaks"
"gb","South East","Kent","Beckenham"
"gb","South East","Kent","Folkestone"
"gb","South East","Kent","Orpington"
"gb","South East","Kent","Hythe"
"gb","South East","Kent","Gillingham"
"gb","South East","Kent","Gravesend"
"gb","South East","Kent","Sandwich"
"gb","South East","Kent","Chatham"
"gb","South East","Kent","Westerham"
"gb","South East","Kent","Erith"
"gb","South East","Kent","Rochester"
"gb","South East","Kent","Bexley"
"gb","South East","Kent","Bexleyheath"
"gb","South East","Kent","Whitstable"
"gb","South East","Kent","Margate"
"gb","South East","Kent","Tunbridge Wells"
"gb","South East","Kent","Sittingbourne"
"gb","South East","Kent","Maidstone"
"gb","South East","Kent","Chislehurst"
"gb","South East","Kent","Strood"
"gb","South East","Kent","West Wickham"
"gb","South East","Kent","Keston"
"gb","South East","Kent","Canterbury"
"gb","South East","Kent","Ashford"
"gb","South East","Kent","Biggin Hill"
"gb","South East","Kent","Swanley"
"gb","South East","Kent","Bromley"
"gb","South East","Kent","Cliftonville"
"gb","South East","Kent","Ramsgate"
"gb","South East","Kent","Headcorn"
"gb","South East","Kent","Edenbridge"
"gb","South East","Kent","Romney Marsh"
"gb","South East","Kent","Lydd"
"gb","South East","Kent","Aylesford"
"gb","South East","Isle of Wight","Cowes"
"gb","South East","Isle of Wight","Shanklin"
"gb","South East","Isle of Wight","Freshwater"
"gb","South East","Isle of Wight","Newport"
"gb","South East","Isle of Wight","Ryde"
"gb","South East","Isle of Wight","Bembridge"
"gb","South East","Isle of Wight","Sandown"
"gb","South East","Isle of Wight","Ventnor"
"gb","South East","Isle of Man","Onchan"
"gb","South East","Isle of Man","Ballasalla"
"gb","South East","Isle of Man","Ramsey"
"gb","South East","Isle of Man","Douglas"
"gb","South East","Isle of Man","Castletown"
"gb","South East","Isle of Man","Peel"
"gb","Yorkshire & Humberside","Humberside","Hornsea"
"gb","Yorkshire & Humberside","Humberside","Beverley"
"gb","Yorkshire & Humberside","Humberside","Pocklington"
"gb","Yorkshire & Humberside","Humberside","Driffield"
"gb","Yorkshire & Humberside","Humberside","Cleethorpes"
"gb","Yorkshire & Humberside","Humberside","Scunthorpe"
"gb","Yorkshire & Humberside","Humberside","Brigg"
"gb","Yorkshire & Humberside","Humberside","Immingham"
"gb","Yorkshire & Humberside","Humberside","Hull"
"gb","Yorkshire & Humberside","Humberside","Grimsby"
"gb","Yorkshire & Humberside","Humberside","Goole"
"gb","Yorkshire & Humberside","Humberside","Hessle"
"gb","Yorkshire & Humberside","Humberside","Cottingham"
"gb","Yorkshire & Humberside","Humberside","Barton-upon-Humber"
"gb","Yorkshire & Humberside","Humberside","Kirmington"
"gb","Yorkshire & Humberside","Humberside","Bridlington"
"gb","Scotland","Highland","Alness"
"gb","Scotland","Highland","Dingwall"
"gb","Scotland","Highland","Thurso"
"gb","Scotland","Highland","Newtonmore"
"gb","Scotland","Highland","Inverness"
"gb","Scotland","Highland","Fort William"
"gb","Scotland","Highland","Ullapool"
"gb","Scotland","Highland","Nairn"
"gb","Scotland","Highland","Aviemore"
"gb","Scotland","Highland","Wick"
"gb","South East","Hertfordshire","Potters Bar"
"gb","South East","Hertfordshire","St. Albans"
"gb","South East","Hertfordshire","Waltham Cross"
"gb","South East","Hertfordshire","Berkhamsted"
"gb","South East","Hertfordshire","Radlett"
"gb","South East","Hertfordshire","Redbourn"
"gb","South East","Hertfordshire","Tring"
"gb","South East","Hertfordshire","Ware"
"gb","South East","Hertfordshire","Sawbridgeworth"
"gb","South East","Hertfordshire","Hoddesdon"
"gb","South East","Hertfordshire","Welwyn Garden City"
"gb","South East","Hertfordshire","Hitchin"
"gb","South East","Hertfordshire","Stevenage"
"gb","South East","Hertfordshire","Buntingford"
"gb","South East","Hertfordshire","Kings Langley"
"gb","South East","Hertfordshire","Barnet"
"gb","South East","Hertfordshire","Elstree"
"gb","South East","Hertfordshire","Letchworth"
"gb","South East","Hertfordshire","Borehamwood"
"gb","South East","Hertfordshire","Bushey Heath"
"gb","South East","Hertfordshire","Knebworth"
"gb","South East","Hertfordshire","Abbots Langley"
"gb","South East","Hertfordshire","Royston"
"gb","South East","Hertfordshire","Rickmansworth"
"gb","South East","Hertfordshire","Cheshunt"
"gb","South East","Hertfordshire","Chorleywood"
"gb","South East","Hertfordshire","Hatfield"
"gb","South East","Hertfordshire","Wheathampstead"
"gb","South East","Hertfordshire","Harpenden"
"gb","South East","Hertfordshire","Hertford"
"gb","South East","Hertfordshire","Watford"
"gb","South East","Hertfordshire","Hemel Hempstead"
"gb","South East","Hertfordshire","Much Hadham"
"gb","South East","Hertfordshire","Baldock"
"gb","South East","Hertfordshire","Cockfosters"
"gb","South East","Hertfordshire","Bishop's Stortford"
"gb","South East","Hertfordshire","Broxbourne"
"gb","Midland","Herefordshire","Leominster"
"gb","Midland","Herefordshire","Ledbury"
"gb","Midland","Herefordshire","Ross-on-Wye"
"gb","Midland","Herefordshire","Weobley"
"gb","Midland","Herefordshire","Hereford"
"gb","South East","Hampshire","Basingstoke"
"gb","South East","Hampshire","Hythe"
"gb","South East","Hampshire","Lyndhurst"
"gb","South East","Hampshire","Tadley"
"gb","South East","Hampshire","Lymington"
"gb","South East","Hampshire","Portsmouth"
"gb","South East","Hampshire","Overton"
"gb","South East","Hampshire","Odiham"
"gb","South East","Hampshire","Petersfield"
"gb","South East","Hampshire","Andover"
"gb","South East","Hampshire","Ringwood"
"gb","South East","Hampshire","Romsey"
"gb","South East","Hampshire","Aldershot"
"gb","South East","Hampshire","Alton"
"gb","South East","Hampshire","Winchester"
"gb","South East","Hampshire","New Milton"
"gb","South East","Hampshire","Fleet"
"gb","South East","Hampshire","Southampton"
"gb","South East","Hampshire","Waterlooville"
"gb","South East","Hampshire","Southsea"
"gb","South East","Hampshire","Eastleigh"
"gb","South East","Hampshire","Cosham"
"gb","South East","Hampshire","Liss"
"gb","South East","Hampshire","Horndean"
"gb","South East","Hampshire","Emsworth"
"gb","South East","Hampshire","Gosport"
"gb","South East","Hampshire","Havant"
"gb","South East","Hampshire","Wallington"
"gb","South East","Hampshire","Fareham"
"gb","South East","Hampshire","Farnborough"
"gb","South East","Hampshire","Fordingbridge"
"gb","South East","Hampshire","Totton"
"gb","South East","Hampshire","Lee-on-the-Solent"
"gb","South East","Hampshire","Liphook"
"gb","South East","Hampshire","Hook"
"gb","South East","Hampshire","Chandler's Ford"
"gb","South East","Hampshire","Alresford"
"gb","South East","Hampshire","Hayling Island"
"gb","Wales","Gwynedd","Caernarfon"
"gb","Wales","Gwynedd","Llanrwst"
"gb","Wales","Gwynedd","Llandudno"
"gb","Wales","Gwynedd","Porthmadog"
"gb","Wales","Gwynedd","Pwllheli"
"gb","Wales","Gwynedd","Conwy"
"gb","Wales","Gwynedd","Deganwy"
"gb","Wales","Gwynedd","Bangor"
"gb","Wales","Gwynedd","Dolgellau"
"gb","Wales","Gwynedd","Holyhead"
"gb","Wales","Gwynedd","Blaenau Ffestiniog"
"gb","Wales","Gwynedd","Betws-y-Coed"
"gb","Wales","Gwynedd","Llangefni"
"gb","Wales","Gwent","Monmouth"
"gb","Wales","Gwent","Cwmbran"
"gb","Wales","Gwent","Chepstow"
"gb","Wales","Gwent","Abergavenny"
"gb","Wales","Gwent","Caldicot"
"gb","Wales","Gwent","Tredegar"
"gb","Wales","Gwent","Pontypool"
"gb","Wales","Gwent","Abertillery"
"gb","Wales","Gwent","Ebbw Vale"
"gb","Wales","Gwent","Brynmawr"
"gb","Wales","Gwent","Blackwood"
"gb","Wales","Gwent","Newport"
"gb","Channel Islands","Gurnsey","Alderney"
"gb","Scotland","Grumpian","Aboyne"
"gb","Scotland","Grumpian","Banff"
"gb","Scotland","Grumpian","Buckie"
"gb","Scotland","Grumpian","Aberdeen"
"gb","Scotland","Grumpian","Dyce"
"gb","Scotland","Grumpian","Stonehaven"
"gb","Scotland","Grumpian","Peterhead"
"gb","Scotland","Grumpian","Fraserburgh"
"gb","Scotland","Grumpian","Elgin"
"gb","Scotland","Grumpian","Forres"
"gb","Scotland","Grumpian","Inverurie"
"gb","Scotland","Grumpian","Ellon"
"gb","South West","Gloucestershire","Wotton-under-Edge"
"gb","South West","Gloucestershire","Dursley"
"gb","South West","Gloucestershire","Tewkesbury"
"gb","South West","Gloucestershire","Gloucester"
"gb","South West","Gloucestershire","Chipping Campden"
"gb","South West","Gloucestershire","Cheltenham"
"gb","South West","Gloucestershire","Bishop's Cleeve"
"gb","South West","Gloucestershire","Stroud"
"gb","South West","Gloucestershire","Cirencester"
"gb","South West","Gloucestershire","Bourton-on-the-Water"
"gb","South West","Gloucestershire","Winchcombe"
"gb","South West","Gloucestershire","Newent"
"gb","South West","Gloucestershire","Nailsworth"
"gb","South West","Gloucestershire","Cinderford"
"gb","South West","Gloucestershire","Yate"
"gb","South West","Gloucestershire","Lydney"
"gb","South West","Gloucestershire","Lechlade"
"gb","South West","Gloucestershire","Thornbury"
"gb","South West","Gloucestershire","Tetbury"
"gb","South West","Gloucestershire","Stonehouse"
"gb","South West","Gloucestershire","Moreton-in-Marsh"
"us","","Florida","Orlando"
"gb","Scotland","Fife","Glenrothes"
"gb","Scotland","Fife","St. Andrews"
"gb","Scotland","Fife","Inverkeithing"
"gb","Scotland","Fife","Kirkcaldy"
"gb","Scotland","Fife","Dalgety Bay"
"gb","Scotland","Fife","Leven"
"gb","Scotland","Fife","Dunfermline"
"gb","Scotland","Fife","Cupar"
"gb","Scotland","Fife","Cowdenbeath"
"gb","South East","Essex","Frinton-on-Sea"
"gb","South East","Essex","Epping"
"gb","South East","Essex","Dagenham"
"gb","South East","Essex","Loughton"
"gb","South East","Essex","Saffron Walden"
"gb","South East","Essex","Grays"
"gb","South East","Essex","Rochford"
"gb","South East","Essex","Chigwell"
"gb","South East","Essex","Ingatestone"
"gb","South East","Essex","Felsted"
"gb","South East","Essex","Ilford"
"gb","South East","Essex","Basildon"
"gb","South East","Essex","Maldon"
"gb","South East","Essex","Witham"
"gb","South East","Essex","Harlow"
"gb","South East","Essex","Hockley"
"gb","South East","Essex","Westcliff-on-Sea"
"gb","South East","Essex","Wickford"
"gb","South East","Essex","Danbury"
"gb","South East","Essex","Halstead"
"gb","South East","Essex","Woodford Green"
"gb","South East","Essex","Hainault"
"gb","South East","Essex","Rayleigh"
"gb","South East","Essex","Barking"
"gb","South East","Essex","Romford"
"gb","South East","Essex","Braintree"
"gb","South East","Essex","Billericay"
"gb","South East","Essex","Benfleet"
"gb","South East","Essex","Barkingside"
"gb","South East","Essex","Great Dunmow"
"gb","South East","Essex","Hadleigh"
"gb","South East","Essex","Purfleet"
"gb","South East","Essex","Buckhurst Hill"
"gb","South East","Essex","Rainham"
"gb","South East","Essex","Stapleford Tawney"
"gb","South East","Essex","Coggeshall"
"gb","South East","Essex","Chelmsford"
"gb","South East","Essex","Chipping Ongar"
"gb","South East","Essex","Colchester"
"gb","South East","Essex","Harwich"
"gb","South East","Essex","Clacton-on-Sea"
"gb","South East","Essex","Brightlingsea"
"gb","South East","Essex","Brentwood"
"gb","South East","Essex","Tilbury"
"gb","South East","Essex","Chadwell Heath"
"gb","South East","Essex","Canvey Island"
"gb","South East","Essex","Burnham-on-Crouch"
"gb","South East","Essex","Southend"
"gb","South East","Essex","South Woodham Ferrers"
"gb","South East","Essex","Hornchurch"
"gb","South East","Essex","Stanford-le-Hope"
"gb","South East","Essex","Leigh-on-Sea"
"gb","South East","Essex","Manningtree"
"gb","South East","Essex","Upminster"
"gb","South East","Essex","Stansted"
"gb","South East","Essex","Waltham Abbey"
"gb","South East","Essex","Shoeburyness"
"gb","South East","Essex","Thundersley"
"gb","South East","Essex","Tiptree"
"gb","South East","East Sussex","Bexhill"
"gb","South East","East Sussex","Newhaven"
"gb","South East","East Sussex","Eastbourne"
"gb","South East","East Sussex","Seaford"
"gb","South East","East Sussex","Crowborough"
"gb","South East","East Sussex","Wadhurst"
"gb","South East","East Sussex","Hailsham"
"gb","South East","East Sussex","Alfriston"
"gb","South East","East Sussex","Lewes"
"gb","South East","East Sussex","Rye"
"gb","South East","East Sussex","Forest Row"
"gb","South East","East Sussex","Portslade"
"gb","South East","East Sussex","Hastings"
"gb","South East","East Sussex","Peacehaven"
"gb","South East","East Sussex","Heathfield"
"gb","South East","East Sussex","St. Leonards"
"gb","South East","East Sussex","Hove"
"gb","South East","East Sussex","Brighton"
"gb","South East","East Sussex","Mayfield"
"gb","South East","East Sussex","Battle"
"gb","South East","East Sussex","Uckfield"
"gb","Wales","Dyfed","Fishguard"
"gb","Wales","Dyfed","Cardigan"
"gb","Wales","Dyfed","Tenby"
"gb","Wales","Dyfed","Carmarthen"
"gb","Wales","Dyfed","Ammanford"
"gb","Wales","Dyfed","Milford Haven"
"gb","Wales","Dyfed","Haverfordwest"
"gb","Wales","Dyfed","Aberystwyth"
"gb","Wales","Dyfed","Llanelli"
"gb","Wales","Dyfed","Pembroke"
"gb","Wales","Dyfed","Saundersfoot"
"gb","Wales","Dyfed","Narberth"
"gb","Scotland","Dumfries and Galloway","Stranraer"
"gb","Scotland","Dumfries and Galloway","Castle Douglas"
"gb","Scotland","Dumfries and Galloway","Dumfries"
"gb","Scotland","Dumfries and Galloway","Annan"
"gb","Scotland","Dumfries and Galloway","Gretna"
"gb","South West","Dorset","Poole"
"gb","South West","Dorset","Ferndown"
"gb","South West","Dorset","Swanage"
"gb","South West","Dorset","Verwood"
"gb","South West","Dorset","Highcliffe"
"gb","South West","Dorset","Lyme Regis"
"gb","South West","Dorset","Dorchester"
"gb","South West","Dorset","Southbourne"
"gb","South West","Dorset","Wareham"
"gb","South West","Dorset","Gillingham"
"gb","South West","Dorset","Shaftesbury"
"gb","South West","Dorset","Broadstone"
"gb","South West","Dorset","Bournemouth"
"gb","South West","Dorset","Bridport"
"gb","South West","Dorset","Charmouth"
"gb","South West","Dorset","Parkstone"
"gb","South West","Dorset","Sturminster Newton"
"gb","South West","Dorset","Christchurch"
"gb","South West","Dorset","Weymouth"
"gb","South West","Dorset","Wimborne Minster"
"gb","South West","Dorset","Blandford Forum"
"gb","South West","Dorset","St. Leonards"
"gb","South West","Dorset","Sherborne"
"gb","South West","Devon","Woolacombe"
"gb","South West","Devon","Seaton"
"gb","South West","Devon","Kingsbridge"
"gb","South West","Devon","Totnes"
"gb","South West","Devon","Crediton"
"gb","South West","Devon","Torquay"
"gb","South West","Devon","Moretonhampstead"
"gb","South West","Devon","Paignton"
"gb","South West","Devon","Ottery St. Mary"
"gb","South West","Devon","Newton Abbot"
"gb","South West","Devon","Ivybridge"
"gb","South West","Devon","Tiverton"
"gb","South West","Devon","Barnstaple"
"gb","South West","Devon","Plymouth"
"gb","South West","Devon","Torrington"
"gb","South West","Devon","Honiton"
"gb","South West","Devon","Bovey Tracey"
"gb","South West","Devon","Braunton"
"gb","South West","Devon","Dartmouth"
"gb","South West","Devon","Cullompton"
"gb","South West","Devon","Tavistock"
"gb","South West","Devon","Axminster"
"gb","South West","Devon","Exeter"
"gb","South West","Devon","Buckfastleigh"
"gb","South West","Devon","Yelverton"
"gb","South West","Devon","South Molton"
"gb","South West","Devon","Okehampton"
"gb","South West","Devon","Sidmouth"
"gb","South West","Devon","Holsworthy"
"gb","South West","Devon","Bideford"
"gb","South West","Devon","Budleigh Salterton"
"gb","South West","Devon","Ilfracombe"
"gb","South West","Devon","Brixham"
"gb","South West","Devon","Dawlish"
"gb","South West","Devon","Exmouth"
"gb","South West","Devon","Teignmouth"
"gb","East Midlands","Derbyshire","Swadlincote"
"gb","East Midlands","Derbyshire","Ilkeston"
"gb","East Midlands","Derbyshire","New Mills"
"gb","East Midlands","Derbyshire","Chapel-en-le-Frith"
"gb","East Midlands","Derbyshire","Chesterfield"
"gb","East Midlands","Derbyshire","Buxton"
"gb","East Midlands","Derbyshire","Sudbury"
"gb","East Midlands","Derbyshire","Ripley"
"gb","East Midlands","Derbyshire","Alfreton"
"gb","East Midlands","Derbyshire","Ashbourne"
"gb","East Midlands","Derbyshire","Glossop"
"gb","East Midlands","Derbyshire","Derby"
"gb","East Midlands","Derbyshire","Clay Cross"
"gb","East Midlands","Derbyshire","Dronfield"
"gb","East Midlands","Derbyshire","Bakewell"
"gb","East Midlands","Derbyshire","Belper"
"gb","East Midlands","Derbyshire","Bolsover"
"gb","East Midlands","Derbyshire","Matlock"
"gb","East Midlands","Derbyshire","Whaley Bridge"
"gb","East Midlands","Derbyshire","Heanor"
"gb","East Midlands","Derbyshire","Morley"
"gb","East Midlands","Derbyshire","Hope"
"gb","Northern","Cumbria","Whitehaven"
"gb","Northern","Cumbria","Maryport"
"gb","Northern","Cumbria","Bowness-on-Windermere"
"gb","Northern","Cumbria","Brampton"
"gb","Northern","Cumbria","Cockermouth"
"gb","Northern","Cumbria","Grange-over-Sands"
"gb","Northern","Cumbria","Workington"
"gb","Northern","Cumbria","Ulverston"
"gb","Northern","Cumbria","Keswick"
"gb","Northern","Cumbria","Dalton-in-Furness"
"gb","Northern","Cumbria","Carlisle"
"gb","Northern","Cumbria","Windermere"
"gb","Northern","Cumbria","Kendal"
"gb","Northern","Cumbria","Wigton"
"gb","Northern","Cumbria","Appleby"
"gb","Northern","Cumbria","Kirkby Lonsdale"
"gb","Northern","Cumbria","Barrow-in-Furness"
"gb","Northern","Cumbria","Witherslack"
"gb","Northern","Cumbria","Brough"
"gb","Northern","Cumbria","Penrith"
"gb","Northern","Cumbria","Millom"
"gb","Northern","Cumbria","Milnthorpe"
"gb","Northern","Cumbria","Ambleside"
"gb","Northern","Cumbria","Egremont"
"ie","","County Wicklow","Bray"
"ie","","County Wicklow","Greystones"
"ie","","County Wicklow","Arklow"
"ie","","County Wexford","Rosslare"
"ie","","County Wexford","New Ross"
"ie","","County Wexford","Enniscorthy"
"ie","","County Wexford","Gorey"
"ie","","County Westmeath","Mullingar"
"ie","","County Westmeath","Athlone"
"ie","","County Waterford","Waterford"
"gb","Northern Ireland","County Tyrone","Cookstown"
"gb","Northern Ireland","County Tyrone","Omagh"
"gb","Northern Ireland","County Tyrone","Dungannon"
"gb","Northern Ireland","County Tyrone","Strabane"
"gb","Northern Ireland","County Tyrone","Coalisland"
"ie","","County Tipperary","Thurles"
"ie","","County Tipperary","Nenagh"
"ie","","County Tipperary","Clonmel"
"ie","","County Sligo","Sligo"
"ie","","County Roscommon","Roscommon"
"ie","","County Offaly","Tullamore"
"ie","","County Monaghan","Carrickmacross"
"ie","","County Monaghan","Monaghan"
"ie","","County Meath","Navan"
"ie","","County Meath","Trim"
"ie","","County Meath","Dunshaughlin"
"ie","","County Mayo","Charlestown"
"ie","","County Mayo","Castlebar"
"ie","","County Mayo","Ballina"
"ie","","County Mayo","Knock"
"ie","","County Louth","Drogheda"
"ie","","County Louth","Dundalk"
"gb","Northern Ireland","County Londonderry","Limavady"
"gb","Northern Ireland","County Londonderry","Londonderry"
"gb","Northern Ireland","County Londonderry","Magherafelt"
"gb","Northern Ireland","County Londonderry","Maghera"
"gb","Northern Ireland","County Londonderry","Coleraine"
"ie","","County Limerick","Limerick"
"ie","","County Leitrim","Carrick-on-Shannon"
"ie","","County Laois","Portlaoise"
"ie","","County Kilkenny","Kilkenny"
"ie","","County Kildare","Newbridge"
"ie","","County Kildare","Kildare"
"ie","","County Kildare","Naas"
"ie","","County Kerry","Listowel"
"ie","","County Kerry","Killarney"
"ie","","County Kerry","Tralee"
"ie","","County Galway","Ballinasloe"
"ie","","County Galway","Galway"
"gb","Northern Ireland","County Fermanagh","Enniskillen"
"gb","Northern","County Durham","Durham"
"gb","Northern","County Durham","Spennymoor"
"gb","Northern","County Durham","Crook"
"gb","Northern","County Durham","Bishop Auckland"
"gb","Northern","County Durham","Birtley"
"gb","Northern","County Durham","Stanley"
"gb","Northern","County Durham","Newton Aycliffe"
"gb","Northern","County Durham","Shildon"
"gb","Northern","County Durham","Chester-le-Street"
"gb","Northern","County Durham","Seaham"
"gb","Northern","County Durham","Peterlee"
"gb","Northern","County Durham","Darlington"
"gb","Northern","County Durham","Ferryhill"
"gb","Northern","County Durham","Sedgefield"
"gb","Northern","County Durham","Consett"
"gb","Northern","County Durham","Barnard Castle"
"ie","","County Dublin","Lucan"
"ie","","County Dublin","Blackrock"
"ie","","County Dublin","Dublin"
"ie","","County Dublin","Killiney"
"ie","","County Dublin","Dun Laoghaire"
"ie","","County Dublin","Swords"
"ie","","County Dublin","Malahide"
"gb","Northern Ireland","County Down","Banbridge"
"gb","Northern Ireland","County Down","Bangor"
"gb","Northern Ireland","County Down","Newcastle"
"gb","Northern Ireland","County Down","Newry"
"gb","Northern Ireland","County Down","Donaghadee"
"gb","Northern Ireland","County Down","Rathfriland"
"gb","Northern Ireland","County Down","Warrenpoint"
"gb","Northern Ireland","County Down","Holywood"
"gb","Northern Ireland","County Down","Comber"
"gb","Northern Ireland","County Down","Hillsborough"
"gb","Northern Ireland","County Down","Saintfield"
"gb","Northern Ireland","County Down","Kilkeel"
"gb","Northern Ireland","County Down","Downpatrick"
"gb","Northern Ireland","County Down","Newtownards"
"ie","","County Donegal","Letterkenny"
"ie","","County Donegal","Ballyshannon"
"ie","","County Cork","Midleton"
"ie","","County Cork","Bandon"
"ie","","County Cork","Youghal"
"ie","","County Cork","Cobh"
"ie","","County Cork","Mallow"
"ie","","County Cork","Macroom"
"ie","","County Cork","Bantry"
"ie","","County Cork","Cork"
"ie","","County Clare","Ennis"
"ie","","County Clare","Shannon"
"ie","","County Clare","Kilrush"
"ie","","County Cavan","Cavan"
"ie","","County Carlow","Carlow"
"gb","Northern Ireland","County Armagh","Armagh"
"gb","Northern Ireland","County Armagh","Lurgan"
"gb","Northern Ireland","County Armagh","Craigavon"
"gb","Northern Ireland","County Armagh","Portadown"
"gb","Northern Ireland","County Antrim","Crumlin"
"gb","Northern Ireland","County Antrim","Portrush"
"gb","Northern Ireland","County Antrim","Lisburn"
"gb","Northern Ireland","County Antrim","Larne"
"gb","Northern Ireland","County Antrim","Carrickfergus"
"gb","Northern Ireland","County Antrim","Belfast"
"gb","Northern Ireland","County Antrim","Ballymoney"
"gb","Northern Ireland","County Antrim","Antrim"
"gb","Northern Ireland","County Antrim","Newtownabbey"
"gb","Northern Ireland","County Antrim","Ballymena"
"gb","Northern Ireland","County Antrim","Glengormley"
"gb","Northern Ireland","County Antrim","Ballyclare"
"gb","South West","Cornwall","St. Agnes"
"gb","South West","Cornwall","Looe"
"gb","South West","Cornwall","Land's End"
"gb","South West","Cornwall","St. Austell"
"gb","South West","Cornwall","St. Ives"
"gb","South West","Cornwall","Saltash"
"gb","South West","Cornwall","Penzance"
"gb","South West","Cornwall","Lanner"
"gb","South West","Cornwall","Newquay"
"gb","South West","Cornwall","Launceston"
"gb","South West","Cornwall","Isles of Scilly"
"gb","South West","Cornwall","Hayle"
"gb","South West","Cornwall","Bodmin"
"gb","South West","Cornwall","Bude"
"gb","South West","Cornwall","Camborne"
"gb","South West","Cornwall","Liskeard"
"gb","South West","Cornwall","Wadebridge"
"gb","South West","Cornwall","Torpoint"
"gb","South West","Cornwall","Redruth"
"gb","South West","Cornwall","Helston"
"gb","South West","Cornwall","Truro"
"gb","South West","Cornwall","Penryn"
"gb","South West","Cornwall","Callington"
"gb","South West","Cornwall","Falmouth"
"gb","South West","Cornwall","Camelford"
"gb","Wales","Clwyd","Colwyn Bay"
"gb","Wales","Clwyd","Connah's Quay"
"gb","Wales","Clwyd","Flint"
"gb","Wales","Clwyd","Rhos-on-Sea"
"gb","Wales","Clwyd","Denbigh"
"gb","Wales","Clwyd","Hawarden"
"gb","Wales","Clwyd","St. Asaph"
"gb","Wales","Clwyd","Rhuddlan"
"gb","Wales","Clwyd","Prestatyn"
"gb","Wales","Clwyd","Buckley"
"gb","Wales","Clwyd","Shotton"
"gb","Wales","Clwyd","Ruthin"
"gb","Wales","Clwyd","Mold"
"gb","Wales","Clwyd","Abergele"
"gb","Wales","Clwyd","Holywell"
"gb","Wales","Clwyd","Rhyl"
"gb","Wales","Clwyd","Wrexham"
"gb","Northern","Cleveland","Billingham"
"gb","Northern","Cleveland","Hartlepool"
"gb","Northern","Cleveland","Yarm"
"gb","Northern","Cleveland","Middlesbrough"
"gb","Northern","Cleveland","Redcar"
"gb","Northern","Cleveland","Guisborough"
"gb","Northern","Cleveland","Thornaby"
"gb","Northern","Cleveland","Stockton-on-Tees"
"gb","North West","Cheshire","Disley"
"gb","North West","Cheshire","Macclesfield"
"gb","North West","Cheshire","Marple"
"gb","North West","Cheshire","Runcorn"
"gb","North West","Cheshire","Ellesmere Port"
"gb","North West","Cheshire","Tarporley"
"gb","North West","Cheshire","Northwich"
"gb","North West","Cheshire","Sale"
"gb","North West","Cheshire","Neston"
"gb","North West","Cheshire","Hyde"
"gb","North West","Cheshire","Sandbach"
"gb","North West","Cheshire","Little Sutton"
"gb","North West","Cheshire","Hale"
"gb","North West","Cheshire","Lymm"
"gb","North West","Cheshire","Handforth"
"gb","North West","Cheshire","Nantwich"
"gb","North West","Cheshire","Cheadle Hulme"
"gb","North West","Cheshire","Bramhall"
"gb","North West","Cheshire","Frodsham"
"gb","North West","Cheshire","Holmes Chapel"
"gb","North West","Cheshire","Poynton"
"gb","North West","Cheshire","Woodford"
"gb","North West","Cheshire","Cheadle"
"gb","North West","Cheshire","Alderley Edge"
"gb","North West","Cheshire","Crewe"
"gb","North West","Cheshire","Winsford"
"gb","North West","Cheshire","Middlewich"
"gb","North West","Cheshire","Chester"
"gb","North West","Cheshire","Wilmslow"
"gb","North West","Cheshire","Knutsford"
"gb","North West","Cheshire","Congleton"
"gb","North West","Cheshire","Stockport"
"gb","North West","Cheshire","Altrincham"
"gb","North West","Cheshire","Prestbury"
"gb","North West","Cheshire","Warrington"
"gb","North West","Cheshire","Bollington"
"gb","North West","Cheshire","Widnes"
"gb","North West","Cheshire","Stalybridge"
"gb","Channel Islands","Channel Islands","Jersey"
"gb","Channel Islands","Channel Islands","Guernsey"
"gb","Channel Islands","Channel Islands","Sark"
"gb","Scotland","Central","Larbert"
"gb","Scotland","Central","Rosyth"
"gb","Scotland","Central","Alloa"
"gb","Scotland","Central","Stirling"
"gb","Scotland","Central","Grangemouth"
"gb","Scotland","Central","Alva"
"gb","Scotland","Central","Bridge of Allan"
"gb","Scotland","Central","Falkirk"
"gb","East Anglia","Cambridgeshire","St. Ives"
"gb","East Anglia","Cambridgeshire","Ely"
"gb","East Anglia","Cambridgeshire","Wisbech"
"gb","East Anglia","Cambridgeshire","Cambridge"
"gb","East Anglia","Cambridgeshire","Peterborough"
"gb","East Anglia","Cambridgeshire","March"
"gb","East Anglia","Cambridgeshire","Impington"
"gb","East Anglia","Cambridgeshire","Huntingdon"
"gb","East Anglia","Cambridgeshire","Whittlesey"
"gb","East Anglia","Cambridgeshire","St. Neots"
"us","","California","Los Angeles"
"us","","California","San Diego"
"gb","South East","Buckinghamshire","Stony Stratford"
"gb","South East","Buckinghamshire","Iver"
"gb","South East","Buckinghamshire","Chalfont St. Peter"
"gb","South East","Buckinghamshire","Great Missenden"
"gb","South East","Buckinghamshire","Farnham Common"
"gb","South East","Buckinghamshire","Chesham"
"gb","South East","Buckinghamshire","Newport Pagnell"
"gb","South East","Buckinghamshire","Bletchley"
"gb","South East","Buckinghamshire","Beaconsfield"
"gb","South East","Buckinghamshire","Amersham"
"gb","South East","Buckinghamshire","Gerrards Cross"
"gb","South East","Buckinghamshire","Milton Keynes"
"gb","South East","Buckinghamshire","Buckingham"
"gb","South East","Buckinghamshire","Penn"
"gb","South East","Buckinghamshire","Olney"
"gb","South East","Buckinghamshire","Fulmer"
"gb","South East","Buckinghamshire","Little Chalfont"
"gb","South East","Buckinghamshire","Aylesbury"
"gb","South East","Buckinghamshire","Marlow"
"gb","South East","Buckinghamshire","Wendover"
"gb","South East","Buckinghamshire","High Wycombe"
"gb","Scotland","Borders","Peebles"
"gb","Scotland","Borders","Hawick"
"gb","Scotland","Borders","Galashiels"
"gb","Scotland","Borders","Kelso"
"gb","South East","Berkshire","Ascot"
"gb","South East","Berkshire","Windsor"
"gb","South East","Berkshire","Wokingham"
"gb","South East","Berkshire","Cookham"
"gb","South East","Berkshire","Slough"
"gb","South East","Berkshire","Sandhurst"
"gb","South East","Berkshire","Bracknell"
"gb","South East","Berkshire","Thatcham"
"gb","South East","Berkshire","Crowthorne"
"gb","South East","Berkshire","Twyford"
"gb","South East","Berkshire","Maidenhead"
"gb","South East","Berkshire","Newbury"
"gb","South East","Berkshire","Pangbourne"
"gb","South East","Berkshire","Hungerford"
"gb","South East","Berkshire","Reading"
"gb","South East","Bedfordshire","Cranfield"
"gb","South East","Bedfordshire","Biggleswade"
"gb","South East","Bedfordshire","Bedford"
"gb","South East","Bedfordshire","Woburn"
"gb","South East","Bedfordshire","Kempston"
"gb","South East","Bedfordshire","Sandy"
"gb","South East","Bedfordshire","Leighton Buzzard"
"gb","South East","Bedfordshire","Flitwick"
"gb","South East","Bedfordshire","Luton"
"gb","South East","Bedfordshire","Dunstable"
"gb","South East","Bedfordshire","Ampthill"
"us","Florida","Abberley","Abberley"
